type,iter,elapsed_time,token/s,th_stop_draft,skipped_attn,skipped_mlp
base,0,37.09961771965027,6.9003406432516,0.6,0,0
ssd,0,37.16736721992493,6.88776254947544,0.8010000000000027,14,13
ssd,1,33.7062828540802,7.5950231922120945,0.7830000000000025,15,14
ssd,2,30.68056559562683,8.34404434957646,0.7430000000000021,10,13
ssd,3,42.941328287124634,5.96162275857587,0.8460000000000027,20,18
ssd,4,41.73307394981384,6.134223429308205,0.8330000000000027,17,16
ssd,5,40.91747260093689,6.256495910603686,0.8280000000000027,16,14
ssd,6,40.538522720336914,6.314980981573183,0.8410000000000027,25,14
ssd,7,40.72881770133972,6.285475848506627,0.8280000000000027,17,17
ssd,8,38.98218750953674,6.567101960026518,0.8120000000000027,14,15
ssd,9,37.433789014816284,6.838741328019861,0.8050000000000028,16,15
ssd,10,43.327560901641846,5.90847937600612,0.8320000000000027,14,20
ssd,11,41.94813656806946,6.102774066842933,0.8480000000000028,24,18
ssd,12,41.64151930809021,6.147710368249309,0.8330000000000027,17,16
ssd,13,37.66423010826111,6.796899850711407,0.8020000000000027,16,16
ssd,14,42.62605285644531,6.005716758766025,0.8400000000000027,17,17
ssd,15,45.39916682243347,5.638870003964491,0.8410000000000027,12,14
ssd,16,43.579312562942505,5.87434690784197,0.8440000000000027,12,20
ssd,17,39.098305463790894,6.5475983412396905,0.8090000000000027,14,14
ssd,18,41.82542634010315,6.120678792807463,0.8230000000000027,12,19
ssd,19,41.28957009315491,6.200112992758923,0.8310000000000027,17,19
ssd,20,41.33816885948181,6.192823897696204,0.8360000000000027,18,15
ssd,21,36.88282608985901,6.9408997937494705,0.7930000000000026,13,10
ssd,22,37.92930316925049,6.7493989767663525,0.8050000000000027,14,14
ssd,23,38.163646936416626,6.70795431124584,0.8100000000000027,14,13
ssd,24,34.176023960113525,7.490631452587197,0.7710000000000024,11,13
ssd,25,42.371007204055786,6.0418672316927005,0.8440000000000027,17,20
ssd,26,36.81064224243164,6.954510554692488,0.7770000000000024,12,12
ssd,27,41.005484104156494,6.243067374835619,0.8290000000000027,16,15
ssd,28,40.52676868438721,6.316812524424704,0.8120000000000027,16,14
ssd,29,40.965110540390015,6.249220290705524,0.8180000000000027,13,19
ssd,30,39.820870876312256,6.428789586123379,0.8240000000000027,19,18
ssd,31,37.221421003341675,6.877759986031075,0.8050000000000027,17,12
ssd,32,40.28495812416077,6.354729207139597,0.8370000000000027,22,17
ssd,33,47.85885310173035,5.349062574814278,0.8460000000000027,10,20
ssd,34,40.415203332901,6.334249957653852,0.8240000000000027,17,13
ssd,35,39.94374680519104,6.409013186683092,0.8230000000000027,18,18
ssd,36,36.7384991645813,6.9681670678263155,0.7980000000000026,14,16
ssd,37,40.01383352279663,6.397787401553315,0.8320000000000027,22,18
ssd,38,34.663055181503296,7.385384775217543,0.7800000000000024,14,12
ssd,39,41.908247232437134,6.108582842420932,0.8260000000000027,15,19
ssd,40,43.29834222793579,5.912466547849275,0.8470000000000028,18,17
ssd,41,42.01295304298401,6.093358868111056,0.8340000000000027,16,20
ssd,42,40.88512897491455,6.26144533277787,0.8210000000000027,13,16
ssd,43,37.675902366638184,6.7947941235426565,0.7900000000000028,14,12
ssd,44,42.336671590805054,6.046767267732018,0.8390000000000027,17,17
ssd,45,46.20911645889282,5.54003234897891,0.8330000000000027,11,18
ssd,46,39.99313831329346,6.401098058236337,0.8150000000000027,15,17
ssd,47,38.587398290634155,6.634290243458464,0.8240000000000027,21,11
ssd,48,38.98983454704285,6.565813960844728,0.7990000000000026,12,15
ssd,49,38.87206053733826,6.585706969510947,0.8140000000000027,16,16
ssd,50,39.94254159927368,6.4092065689844615,0.8300000000000027,18,20
ssd,51,40.76490092277527,6.279912233442307,0.8260000000000027,16,17
ssd,52,41.076451539993286,6.2322812804497145,0.8330000000000027,19,17
ssd,53,37.99256443977356,6.738160578915788,0.8030000000000027,14,14
ssd,54,40.11126470565796,6.3822470290718485,0.8280000000000027,20,16
ssd,55,41.861722469329834,6.115371869553611,0.8320000000000027,15,19
ssd,56,43.548635721206665,5.878484957344758,0.8420000000000027,12,20
ssd,57,41.95939254760742,6.1011369435232075,0.8390000000000027,19,19
ssd,58,32.46680545806885,7.88497655953944,0.7650000000000026,18,10
ssd,59,31.419671773910522,8.147761753914018,0.750000000000002,12,13
ssd,60,31.20749521255493,8.203157550978649,0.749000000000002,17,7
ssd,61,30.245108366012573,8.464178633516672,0.7450000000000021,14,8
ssd,62,29.08746314048767,8.801042523494127,0.7380000000000024,16,7
ssd,63,30.1520094871521,8.490313062188532,0.7450000000000019,14,9
ssd,64,30.832145929336548,8.303022455417803,0.7610000000000021,16,5
ssd,65,31.5944242477417,8.102695526040431,0.7620000000000021,16,6
ssd,66,29.212361335754395,8.763413441920886,0.7240000000000016,12,8
ssd,67,29.95984148979187,8.544771509796744,0.733000000000002,13,12
ssd,68,28.918500423431396,8.852464555616251,0.7330000000000019,14,9
ssd,69,28.191101789474487,9.080879559506288,0.7360000000000018,15,8
ssd,70,28.3669011592865,9.02460224902617,0.7430000000000021,17,7
ssd,71,31.247076988220215,8.192766321678953,0.753000000000002,15,9
ssd,72,28.323721885681152,9.038360178554743,0.7400000000000019,16,8
ssd,73,31.72166633605957,8.07019395790669,0.7550000000000021,18,11
ssd,74,30.648351430892944,8.352814688164825,0.7340000000000019,15,9
ssd,75,31.114519119262695,8.22767014392046,0.7290000000000018,16,7
ssd,76,31.830686569213867,8.042553510221772,0.7530000000000023,15,11
ssd,77,29.02127742767334,8.821114116633966,0.7110000000000017,12,6
ssd,78,32.76398181915283,7.813458126458554,0.7470000000000022,17,7
ssd,79,29.869634866714478,8.57057681295181,0.7220000000000019,14,7
ssd,80,32.23340702056885,7.942070778823993,0.7510000000000021,14,9
ssd,81,31.969297647476196,8.007682959535078,0.7630000000000021,19,7
ssd,82,30.048582315444946,8.519536706010127,0.7130000000000017,11,5
ssd,83,28.857008457183838,8.871328446253749,0.7010000000000014,13,6
ssd,84,29.12070918083191,8.790994697632796,0.7220000000000018,13,6
ssd,85,30.316808462142944,8.444160615378465,0.7210000000000026,14,8
ssd,86,31.31905961036682,8.173936356481862,0.7390000000000019,13,7
ssd,87,28.490050554275513,8.985593041061907,0.7030000000000027,14,8
ssd,88,28.51464295387268,8.977843433429058,0.7180000000000019,15,10
ssd,89,29.123651027679443,8.790106699077487,0.7160000000000022,13,7
ssd,90,33.21722888946533,7.7068439649759295,0.7600000000000021,13,9
ssd,91,31.839378595352173,8.040357924490719,0.7480000000000021,16,8
ssd,92,27.502219200134277,9.308339742952455,0.7150000000000016,12,9
ssd,93,27.909111261367798,9.172631747480937,0.7120000000000016,12,9
ssd,94,25.929264783859253,9.873014222885248,0.7040000000000014,8,8
ssd,95,25.064720153808594,10.213559075428206,0.6660000000000017,7,5
ssd,96,25.515934467315674,10.032946288050711,0.6820000000000014,6,5
ssd,97,24.87114953994751,10.29305057206215,0.6660000000000015,7,5
ssd,98,25.690906524658203,9.96461529118447,0.670000000000001,6,6
ssd,99,26.013601541519165,9.841005659728033,0.6890000000000016,9,6
ssd,100,25.84161877632141,9.906500139014973,0.6880000000000012,9,6
ssd,101,26.01331067085266,9.84111569800465,0.6860000000000012,7,6
ssd,102,24.317837715148926,10.52725176467986,0.6700000000000013,9,5
ssd,103,25.002207040786743,10.239096075893645,0.6760000000000012,8,4
ssd,104,25.876522302627563,9.893137764266148,0.6850000000000013,9,6
ssd,105,27.089515209197998,9.450150658771388,0.7010000000000017,9,5
ssd,106,25.03150963783264,10.227109898840517,0.6870000000000012,10,4
ssd,107,23.62383484840393,10.836513277491687,0.665000000000001,11,4
ssd,108,25.98344898223877,9.85242567970831,0.6940000000000017,11,6
ssd,109,22.445796012878418,11.405253787975191,0.6670000000000009,10,5
ssd,110,22.440430641174316,11.407980715409453,0.6650000000000009,13,5
ssd,111,23.142224311828613,11.062030881325073,0.6650000000000011,12,6
ssd,112,23.291125535964966,10.991310815129903,0.6670000000000009,11,5
ssd,113,22.183547973632812,11.540083682929328,0.662000000000001,11,4
ssd,114,22.859426259994507,11.19888124436512,0.6790000000000013,13,5
ssd,115,23.118350505828857,11.073454394397837,0.677000000000001,10,5
ssd,116,23.37389302253723,10.952390333658302,0.677000000000001,13,5
ssd,117,23.545222997665405,10.872693795483837,0.6740000000000012,11,5
ssd,118,24.803152799606323,10.321268512447467,0.6880000000000012,12,6
ssd,119,23.130247831344604,11.067758627864137,0.6720000000000009,9,5
ssd,120,22.917712688446045,11.170399222652891,0.6630000000000009,13,3
ssd,121,25.854699850082397,9.901487988041143,0.6930000000000014,12,7
ssd,122,24.051059246063232,10.644021844564,0.6700000000000012,13,3
ssd,123,23.244969844818115,11.013135388388934,0.6630000000000014,12,4
ssd,124,22.22618532180786,11.517945895502736,0.6570000000000016,13,4
ssd,125,22.261556386947632,11.499645197767826,0.666000000000001,13,4
ssd,126,22.968475341796875,11.145711510687176,0.6680000000000009,13,3
ssd,127,23.86742115020752,10.725917910816023,0.678000000000001,13,4
ssd,128,23.61774730682373,10.83930641962773,0.6650000000000009,14,4
ssd,129,22.640607118606567,11.307117280861844,0.662000000000001,11,4
ssd,130,23.6873881816864,10.807438879982687,0.675000000000001,15,4
ssd,131,23.552204608917236,10.869470788440516,0.6600000000000013,11,5
ssd,132,23.126505613327026,11.06954955842857,0.6600000000000009,10,4
ssd,133,24.210055112838745,10.574118844704389,0.6860000000000012,15,4
ssd,134,23.644861698150635,10.826876607192117,0.6730000000000013,10,7
ssd,135,21.484384775161743,11.915630942151227,0.6440000000000008,11,3
ssd,136,23.561806440353394,10.865041296730064,0.675000000000001,12,3
ssd,137,23.25640296936035,11.007721199932453,0.6710000000000009,13,4
ssd,138,22.586968421936035,11.333969004506937,0.6640000000000008,11,4
ssd,139,21.84937858581543,11.71658035923249,0.6490000000000007,8,3
ssd,140,21.89041781425476,11.694614610475643,0.6500000000000007,9,4
ssd,141,22.986264944076538,11.137085586667707,0.6650000000000013,12,3
ssd,142,24.42072367668152,10.482899826774801,0.6720000000000013,10,5
ssd,143,21.86781668663025,11.706701389925026,0.6660000000000009,9,2
ssd,144,22.279081344604492,11.490599456965384,0.6660000000000009,9,2
ssd,145,23.873764991760254,10.723067772860936,0.6700000000000009,10,4
ssd,146,22.69144105911255,11.2817867905835,0.6570000000000008,10,4
ssd,147,25.120604753494263,10.190837462397896,0.6780000000000012,11,3
ssd,148,22.668511152267456,11.293198670191146,0.6640000000000013,10,4
ssd,149,22.44292902946472,11.406710757936473,0.657000000000001,11,2
ssd,150,22.23236060142517,11.51474666093665,0.6680000000000009,11,3
ssd,151,23.548181772232056,10.871327666659786,0.6640000000000014,11,4
ssd,152,26.63062834739685,9.612991351930457,0.6890000000000017,12,4
ssd,153,23.76226830482483,10.773382267888133,0.6640000000000011,10,4
ssd,154,22.201635122299194,11.530682248843693,0.6500000000000009,10,2
ssd,155,21.29738712310791,12.0202538705904,0.6490000000000007,12,2
ssd,156,22.481520175933838,11.387130318440144,0.6650000000000014,12,3
ssd,157,23.174060821533203,11.046833870485326,0.6600000000000009,9,2
ssd,158,22.351993322372437,11.453117236920694,0.6530000000000007,11,3
ssd,159,21.8275887966156,11.72827664958088,0.665000000000001,14,2
ssd,160,29.599636554718018,8.648754842876441,0.6580000000000008,12,1
ssd,161,21.704883337020874,11.794580787419129,0.6640000000000009,13,3
ssd,162,21.619930028915405,11.840926388643016,0.6620000000000008,14,3
ssd,163,22.338542699813843,11.46001345925459,0.673000000000001,13,2
ssd,164,23.25682306289673,11.007522364841615,0.6750000000000012,15,2
ssd,165,23.99093723297119,10.670696084693784,0.6920000000000013,15,5
ssd,166,22.263070821762085,11.498862939867251,0.6580000000000009,14,3
ssd,167,21.993276119232178,11.639921156454674,0.646000000000001,11,3
ssd,168,23.065680027008057,11.098740626777298,0.6690000000000009,11,4
ssd,169,20.788618326187134,12.31443071315232,0.6440000000000006,12,2
ssd,170,21.059874773025513,12.155817770003882,0.6600000000000008,11,3
ssd,171,25.13583731651306,10.184661715319905,0.6900000000000013,12,4
ssd,172,23.778883934020996,10.765854306296307,0.674000000000001,10,3
ssd,173,22.42861294746399,11.413991609719496,0.6670000000000013,13,3
ssd,174,23.034598112106323,11.113716799141972,0.677000000000001,13,5
ssd,175,29.985776662826538,8.537381001618812,0.6500000000000007,11,1
ssd,176,21.91268277168274,11.68273198984211,0.676000000000001,15,3
ssd,177,23.733033895492554,10.786652946575881,0.681000000000001,12,5
ssd,178,21.8526930809021,11.714803253413564,0.6550000000000009,11,4
ssd,179,23.18782901763916,11.040274611532578,0.679000000000001,11,5
ssd,180,23.78350257873535,10.763763627855539,0.678000000000001,12,5
ssd,181,23.26487374305725,11.003713272950645,0.6730000000000009,14,3
ssd,182,21.80733609199524,11.73916882465847,0.6640000000000008,11,3
ssd,183,22.78457999229431,11.235669039612693,0.674000000000001,13,3
ssd,184,24.297396183013916,10.53610839909534,0.671000000000001,9,7
ssd,185,22.661356210708618,11.296764307470145,0.662000000000001,10,5
ssd,186,24.128047704696655,10.610058597910026,0.6820000000000014,12,6
ssd,187,40.7779757976532,6.277898669377625,0.8160000000000027,12,17
ssd,188,22.39391326904297,11.431677747626665,0.6690000000000009,12,3
ssd,189,22.35859966278076,11.449733161337038,0.6700000000000014,13,4
ssd,190,23.843201160430908,10.736813327937105,0.6760000000000012,12,5
ssd,191,22.415754079818726,11.420539281811672,0.676000000000001,9,4
ssd,192,22.297664165496826,11.48102321839306,0.6590000000000008,12,4
ssd,193,23.21002745628357,11.02971551766493,0.6640000000000011,9,4
ssd,194,24.453675985336304,10.46877369903449,0.6830000000000012,12,7
ssd,195,22.088767766952515,11.589600773611608,0.673000000000001,14,3
ssd,196,23.508788585662842,10.889544523622332,0.675000000000001,10,4
ssd,197,21.23641061782837,12.05476785163888,0.6670000000000009,16,2
ssd,198,22.007156133651733,11.632579804736492,0.679000000000001,15,3
ssd,199,24.31797957420349,10.527190353904432,0.6910000000000012,14,4
ssd,200,24.55217719078064,10.426773886925522,0.6860000000000012,14,6
ssd,201,22.073484420776367,11.59762523759246,0.655000000000001,12,2
ssd,202,21.86535358428955,11.70802013391351,0.662000000000001,15,3
ssd,203,22.279735326766968,11.49026217077366,0.6580000000000008,12,3
ssd,204,22.551111698150635,11.351990244498412,0.675000000000001,14,2
ssd,205,30.218857288360596,8.471531453262582,0.7330000000000018,12,11
ssd,206,22.348543882369995,11.45488499597281,0.666000000000001,14,2
ssd,207,22.81220579147339,11.222062537051379,0.6660000000000009,13,4
ssd,208,21.9226496219635,11.677420586219787,0.6690000000000009,16,3
ssd,209,22.111708641052246,11.577576575186708,0.6640000000000013,18,3
ssd,210,21.9935519695282,11.639775164770334,0.6580000000000008,17,3
ssd,211,22.5651638507843,11.344920945083329,0.6700000000000009,17,3
ssd,212,22.670588970184326,11.292163619422658,0.680000000000001,16,4
ssd,213,22.384141206741333,11.436668382117855,0.6700000000000009,15,3
ssd,214,22.19100308418274,11.536206769421396,0.6650000000000014,15,4
ssd,215,22.27540349960327,11.492496645663877,0.6610000000000011,12,3
ssd,216,22.300209760665894,11.47971264609108,0.6620000000000017,17,3
ssd,217,22.766580820083618,11.24455191682401,0.6620000000000016,16,4
ssd,218,23.531821966171265,10.87888563699058,0.6710000000000017,16,3
ssd,219,22.074607610702515,11.597035132614659,0.669000000000001,16,3
ssd,220,21.922112464904785,11.677706717809775,0.6620000000000014,16,3
ssd,221,22.556525230407715,11.349265783849312,0.669000000000001,14,3
ssd,222,21.628094911575317,11.836456287372275,0.6580000000000009,11,4
ssd,223,22.610596418380737,11.322125045400881,0.6770000000000012,18,3
ssd,224,22.687909841537476,11.283542723327916,0.6610000000000015,12,4
ssd,225,23.182804584503174,11.042667381630189,0.6620000000000015,12,5
ssd,226,23.810540437698364,10.751540926584115,0.6850000000000015,15,7
ssd,227,22.297605991363525,11.481053172217495,0.6520000000000008,12,5
ssd,228,24.375850677490234,10.502197580181356,0.6800000000000013,15,4
ssd,229,21.75746488571167,11.766076670454268,0.6550000000000008,11,2
ssd,230,22.55834150314331,11.348352003817684,0.6670000000000009,12,3
ssd,231,22.48631763458252,11.384700872778225,0.6630000000000008,15,4
ssd,232,22.17582368850708,11.54410332603228,0.6670000000000014,15,4
ssd,233,22.100903272628784,11.583236976429252,0.6670000000000009,13,3
ssd,234,22.631512880325317,11.311660928446075,0.6710000000000009,14,4
ssd,235,21.289456844329834,12.0247313903728,0.6420000000000006,10,4
ssd,236,22.332093238830566,11.463323086743731,0.6730000000000012,14,4
ssd,237,22.042155265808105,11.614109278919218,0.6630000000000008,10,5
ssd,238,22.809197425842285,11.223542644685867,0.6650000000000009,10,4
ssd,239,22.89314317703247,11.182387583057263,0.6730000000000012,12,3
ssd,240,20.91937828063965,12.237457374004345,0.6540000000000009,11,3
ssd,241,22.030073165893555,11.620478882309534,0.6710000000000009,11,5
ssd,242,22.070823192596436,11.59902364157736,0.6600000000000013,13,4
ssd,243,21.788923740386963,11.74908880540483,0.6630000000000008,13,2
ssd,244,21.40822720527649,11.958019575619211,0.667000000000001,12,4
ssd,245,22.81376314163208,11.221296478389139,0.675000000000001,14,3
ssd,246,22.112420797348022,11.57720370583317,0.6700000000000009,14,3
ssd,247,22.053346157073975,11.60821574089716,0.6630000000000011,12,5
ssd,248,21.658934354782104,11.819602747144272,0.6660000000000011,16,3
ssd,249,21.76961898803711,11.759507602805437,0.664000000000001,13,2
ssd,250,20.865978002548218,12.268775514319842,0.6510000000000008,12,2
ssd,251,21.717419862747192,11.787772286851055,0.6630000000000011,15,3
ssd,252,23.719149827957153,10.792966942611887,0.670000000000001,12,3
ssd,253,21.47446584701538,11.921134701265691,0.6490000000000012,14,3
ssd,254,21.469459772109985,11.923914374993178,0.6450000000000007,12,2
ssd,255,23.21246910095215,11.028555337506047,0.6720000000000014,12,4
ssd,256,21.918532371520996,11.67961411196599,0.6400000000000012,9,3
ssd,257,21.943693161010742,11.66622218610208,0.6610000000000008,13,4
ssd,258,22.538892030715942,11.358144830328122,0.6620000000000009,8,5
ssd,259,29.08739686012268,8.80106257810106,0.6440000000000008,11,1
ssd,260,24.104438304901123,10.620450755243189,0.6770000000000013,12,5
ssd,261,23.288355827331543,10.992618023276457,0.6700000000000013,12,4
ssd,262,22.22987961769104,11.516031773571523,0.662000000000001,14,3
ssd,263,22.8675217628479,11.194916644440005,0.6640000000000008,10,5
ssd,264,22.209383487701416,11.526659447425075,0.6720000000000013,11,4
ssd,265,23.78496742248535,10.763100720415025,0.6860000000000012,17,4
ssd,266,22.27438974380493,11.493019694117548,0.6680000000000013,10,6
ssd,267,22.339670181274414,11.459435073244038,0.6730000000000012,14,4
ssd,268,21.635720014572144,11.832284750753765,0.6650000000000013,13,4
ssd,269,22.37449288368225,11.441600099312247,0.6670000000000013,11,4
ssd,270,22.26878595352173,11.495911835261703,0.6730000000000013,14,5
ssd,271,21.93764615058899,11.66943792614354,0.666000000000001,14,2
ssd,272,22.97190809249878,11.14404597864441,0.671000000000001,10,5
ssd,273,22.927170276641846,11.165791369413446,0.6830000000000012,16,5
ssd,274,22.208630084991455,11.527050476337315,0.6560000000000012,14,4
ssd,275,21.25089693069458,12.046550356669238,0.6410000000000009,12,2
ssd,276,22.010846614837646,11.630629411020875,0.664000000000001,15,2
ssd,277,22.609964847564697,11.322441309658807,0.6730000000000014,13,5
ssd,278,22.363469123840332,11.447240076321343,0.6710000000000009,12,5
ssd,279,21.79854917526245,11.743900841369541,0.6490000000000014,12,4
ssd,280,21.792648553848267,11.747080643614293,0.671000000000001,14,4
ssd,281,21.55548071861267,11.876329892237095,0.6530000000000008,13,3
ssd,282,22.477556943893433,11.389138091786641,0.6690000000000017,13,3
ssd,283,22.04127550125122,11.6145728492649,0.674000000000001,13,4
ssd,284,22.595035314559937,11.32992254431384,0.6510000000000014,11,2
ssd,285,22.18492364883423,11.539368088537563,0.657000000000001,10,4
ssd,286,22.064529180526733,11.602332318331783,0.662000000000001,11,4
ssd,287,23.916892528533936,10.703731669763554,0.6730000000000009,12,6
ssd,288,23.59887170791626,10.847976257870185,0.6800000000000016,13,3
ssd,289,21.447909832000732,11.935895012857738,0.6550000000000009,13,3
ssd,290,21.94636559486389,11.664801576982372,0.6610000000000008,13,4
ssd,291,21.223754405975342,12.061956386374584,0.6470000000000009,12,3
ssd,292,22.322848558425903,11.468070453910379,0.6640000000000011,11,6
ssd,293,22.276978492736816,11.491684120603079,0.6570000000000011,11,4
ssd,294,23.10744285583496,11.078681513880984,0.675000000000001,12,6
ssd,295,21.17594838142395,12.089187005412676,0.6690000000000009,12,3
ssd,296,23.733314514160156,10.786525407029057,0.677000000000001,11,4
ssd,297,23.016441106796265,11.12248408918478,0.6840000000000012,15,4
ssd,298,21.44253182411194,11.938888658294085,0.6660000000000009,11,4
ssd,299,22.1583468914032,11.55320842545888,0.6640000000000008,11,7
ssd,300,21.942132472991943,11.667051974784329,0.6540000000000008,8,4
ssd,301,23.146002531051636,11.060225179555818,0.6700000000000009,11,5
ssd,302,22.53529977798462,11.359955382093197,0.6590000000000008,11,4
ssd,303,22.453328132629395,11.401427818977906,0.669000000000001,13,3
ssd,304,22.235601902008057,11.513068147567488,0.6710000000000015,16,3
ssd,305,21.83133554458618,11.726263813643955,0.6640000000000009,12,3
ssd,306,23.743590116500854,10.78185728206663,0.676000000000001,9,7
ssd,307,22.605156898498535,11.324849508874847,0.6710000000000009,14,3
ssd,308,21.552239656448364,11.878115874765042,0.6510000000000007,9,4
ssd,309,20.832772254943848,12.28833094641297,0.6620000000000009,11,4
ssd,310,22.757923364639282,11.248829513055075,0.6700000000000009,11,6
ssd,311,38.840187072753906,6.591111405320239,0.8030000000000027,12,16
ssd,312,22.352618932724,11.45279668438398,0.6710000000000012,14,3
ssd,313,20.820555925369263,12.295541046916581,0.6520000000000007,13,2
ssd,314,22.11565351486206,11.575511428046386,0.6610000000000009,11,5
ssd,315,23.553449630737305,10.868896234457283,0.6610000000000008,11,5
ssd,316,20.749086618423462,12.33789249174435,0.6530000000000012,11,4
ssd,317,21.874507188796997,11.703120796756057,0.6480000000000012,13,2
ssd,318,22.197954893112183,11.532593936364579,0.6570000000000009,14,3
ssd,319,22.165753841400146,11.549347783600092,0.6760000000000012,11,4
ssd,320,24.388495683670044,10.496752375400156,0.6930000000000013,12,6
ssd,321,21.774848461151123,11.756683425684177,0.6630000000000011,12,4
ssd,322,20.735929489135742,12.345720992836473,0.6480000000000009,14,2
ssd,323,22.26562190055847,11.497545460141804,0.6690000000000009,12,5
ssd,324,21.988190412521362,11.642613384602065,0.6630000000000009,11,4
ssd,325,22.14649271965027,11.559392416698778,0.671000000000001,12,5
ssd,326,21.540295362472534,11.88470240041382,0.6570000000000009,12,3
ssd,327,22.91681694984436,11.170835834674616,0.6700000000000009,14,3
ssd,328,21.31038784980774,12.012920731628524,0.6550000000000009,11,5
ssd,329,21.69719934463501,11.798757799738805,0.6690000000000011,12,4
ssd,330,21.19771432876587,12.076773751621,0.6440000000000008,8,4
ssd,331,21.4362895488739,11.94236527811075,0.6570000000000009,12,3
ssd,332,21.951704502105713,11.661964562954246,0.6550000000000014,14,3
ssd,333,22.30003523826599,11.479802487518674,0.655000000000001,13,2
ssd,334,21.053520917892456,12.159486339524184,0.6530000000000007,13,2
ssd,335,21.835184335708618,11.724196877117503,0.6440000000000008,10,5
ssd,336,22.60351848602295,11.325670388806923,0.655000000000001,9,4
ssd,337,22.799811363220215,11.228163072128282,0.6730000000000012,10,5
ssd,338,21.84696936607361,11.717872429369775,0.6580000000000013,15,3
ssd,339,22.773876190185547,11.240949843677633,0.672000000000001,11,4
ssd,340,22.74812912940979,11.253672710562903,0.6680000000000011,11,4
ssd,341,21.48601794242859,11.914725226700803,0.6600000000000013,12,4
ssd,342,23.567036151885986,10.862630258218246,0.6860000000000012,14,4
ssd,343,22.9414541721344,11.1588392819034,0.663000000000001,13,4
ssd,344,21.82737374305725,11.728392202081906,0.670000000000001,11,6
ssd,345,22.613852500915527,11.320494815716861,0.6730000000000009,12,6
ssd,346,23.518269538879395,10.885154606158068,0.6710000000000013,11,6
ssd,347,22.7623233795166,11.246655085762015,0.6720000000000009,13,3
ssd,348,22.31029438972473,11.474523622507816,0.671000000000001,15,2
ssd,349,21.81398892402649,11.735588612041285,0.6520000000000007,9,6
ssd,350,22.614177227020264,11.32033226015942,0.6540000000000008,8,4
ssd,351,23.944255113601685,10.691499851861234,0.677000000000001,10,7
ssd,352,22.04801082611084,11.611024777655969,0.6540000000000007,11,5
ssd,353,21.92403244972229,11.676684049208417,0.6500000000000007,10,6
ssd,354,25.859392166137695,9.899691313519208,0.6910000000000012,11,5
ssd,355,21.468634843826294,11.924372549175738,0.6480000000000008,12,2
ssd,356,23.50406837463379,10.89173141941171,0.6610000000000008,10,7
ssd,357,22.63399624824524,11.310419830075173,0.665000000000001,11,4
ssd,358,21.27518630027771,12.032797099250706,0.6610000000000008,11,3
ssd,359,23.01996397972107,11.120781953678014,0.6690000000000009,10,4
ssd,360,22.78250527381897,11.236692230427712,0.6660000000000013,14,5
ssd,361,21.736472368240356,11.777440040088901,0.6580000000000008,11,6
ssd,362,21.9408917427063,11.66771173214055,0.6550000000000012,10,5
ssd,363,22.26615285873413,11.49727128993374,0.680000000000001,13,6
ssd,364,21.459370136260986,11.929520688373971,0.660000000000001,9,6
ssd,365,21.412533044815063,11.955614941221963,0.6680000000000009,11,3
ssd,366,21.335240602493286,11.998927257004228,0.6510000000000008,11,2
ssd,367,23.197478532791138,11.035682159943695,0.678000000000001,13,3
ssd,368,21.584243774414062,11.860503554146387,0.658000000000001,11,4
ssd,369,22.218327045440674,11.522019613647403,0.6660000000000011,11,4
ssd,370,23.15165662765503,11.057524051829787,0.677000000000001,12,5
ssd,371,22.359490156173706,11.449277162042781,0.6730000000000009,12,5
ssd,372,22.62368941307068,11.315572598521344,0.676000000000001,12,4
ssd,373,21.067736625671387,12.151281580388648,0.6530000000000012,13,3
ssd,374,22.278820753097534,11.4907338605167,0.6620000000000011,10,4
ssd,375,21.883789777755737,11.698156608149146,0.6630000000000014,11,6
ssd,376,21.7425799369812,11.774131714911093,0.6590000000000009,10,5
ssd,377,21.794577598571777,11.746040905916706,0.6620000000000008,10,5
ssd,378,23.791285276412964,10.76024254367637,0.6830000000000012,14,6
ssd,379,20.92318868637085,12.235228761606292,0.6500000000000009,10,5
ssd,380,21.820321083068848,11.732182997006372,0.672000000000001,12,6
ssd,381,21.47571086883545,11.92044359153183,0.6570000000000015,10,6
ssd,382,21.763531923294067,11.762796631643994,0.6530000000000008,8,5
ssd,383,22.431177139282227,11.412686833616245,0.6640000000000013,9,7
ssd,384,22.576120376586914,11.33941508681406,0.6780000000000012,13,6
ssd,385,20.764979362487793,12.328449527017945,0.6470000000000007,11,4
ssd,386,21.03224229812622,12.17178826542937,0.6540000000000008,11,5
ssd,387,23.722590923309326,10.791401362001302,0.6920000000000013,12,6
ssd,388,23.172117471694946,11.047760322840908,0.6730000000000013,12,6
ssd,389,21.778136491775513,11.754908419123835,0.6450000000000007,11,4
ssd,390,22.451711654663086,11.402248698790425,0.6690000000000009,11,3
ssd,391,22.07141637802124,11.598711909351016,0.6720000000000012,9,6
ssd,392,21.350766897201538,11.990201627537516,0.6620000000000009,10,4
ssd,393,22.28649115562439,11.486779063262,0.6630000000000008,10,6
ssd,394,21.908907175064087,11.684745293520153,0.6640000000000009,11,4
ssd,395,21.041311979293823,12.166541718117319,0.6650000000000009,14,6
ssd,396,21.582199573516846,11.861626945296775,0.6680000000000009,13,5
ssd,397,23.56521487236023,10.863469795909385,0.6910000000000012,12,7
ssd,398,23.50576114654541,10.890947049277907,0.6760000000000013,11,4
ssd,399,22.327301502227783,11.46578326872402,0.680000000000001,14,6
ssd,400,23.22340726852417,11.023360915130203,0.664000000000001,10,6
ssd,401,21.72723364830017,11.782447970316191,0.6690000000000011,14,6
ssd,402,22.541340827941895,11.356910928859493,0.6730000000000012,13,6
ssd,403,22.230705499649048,11.515603947164044,0.6750000000000012,14,6
ssd,404,23.41856288909912,10.931499136488984,0.6770000000000013,12,6
ssd,405,21.959608554840088,11.657767002571427,0.6770000000000012,14,6
ssd,406,21.15755271911621,12.099698079386073,0.6580000000000009,14,3
ssd,407,22.886245012283325,11.185758077072132,0.6690000000000016,13,4
ssd,408,22.587639808654785,11.333632117770438,0.6600000000000009,14,4
ssd,409,21.767593145370483,11.760602023859763,0.662000000000001,11,6
ssd,410,21.13487434387207,12.1126814304541,0.6540000000000009,11,5
ssd,411,21.564069986343384,11.871599385557822,0.6640000000000011,12,5
ssd,412,20.908326625823975,12.243925809146925,0.658000000000001,12,5
ssd,413,20.80824303627014,12.302816703638799,0.653000000000001,11,4
ssd,414,23.89443588256836,10.713791330255214,0.6880000000000014,16,4
ssd,415,20.825422525405884,12.292667756809923,0.6440000000000008,13,3
ssd,416,22.877591133117676,11.189989300465012,0.6740000000000012,13,5
ssd,417,22.29463219642639,11.482584585586222,0.6680000000000014,13,5
ssd,418,22.027575492858887,11.621796510605199,0.6590000000000008,9,5
ssd,419,23.224200010299683,11.022984640438283,0.661000000000001,9,5
ssd,420,21.434081554412842,11.943595500003815,0.6550000000000008,13,2
ssd,421,22.496405124664307,11.379595921275891,0.665000000000001,14,2
ssd,422,23.20267367362976,11.033211241122975,0.6780000000000012,12,4
ssd,423,22.63227605819702,11.311279490481525,0.6700000000000013,16,3
ssd,424,22.34270453453064,11.457878772211847,0.676000000000001,15,6
ssd,425,22.034175157546997,11.618315556156256,0.6640000000000009,13,4
ssd,426,21.30270004272461,12.017256004476776,0.6640000000000013,15,4
ssd,427,21.89844799041748,11.690326187135398,0.6540000000000007,13,3
ssd,428,21.093174934387207,12.136627169514215,0.647000000000001,15,2
ssd,429,22.202450037002563,11.530259028771638,0.6680000000000009,13,7
ssd,430,21.626904249191284,11.837107939735427,0.6600000000000011,12,2
ssd,431,21.782822132110596,11.752379854519589,0.6720000000000009,12,5
ssd,432,22.21465039253235,11.523926574422106,0.682000000000001,15,4
ssd,433,23.070217609405518,11.096557662968516,0.6760000000000012,15,3
ssd,434,21.209583520889282,12.070015412979044,0.6560000000000008,14,2
ssd,435,21.906044244766235,11.686272388551538,0.6560000000000008,11,5
ssd,436,21.575610876083374,11.865249214508996,0.6570000000000008,12,4
ssd,437,23.866620540618896,10.726277713441265,0.678000000000001,13,6
ssd,438,20.639710664749146,12.40327464653979,0.674000000000001,15,2
ssd,439,21.241769552230835,12.051726640312534,0.6590000000000009,10,5
ssd,440,32.622742891311646,7.847286197022385,0.7640000000000023,16,15
ssd,441,23.42692518234253,10.927597113468128,0.673000000000001,15,6
ssd,442,21.779217958450317,11.754324718563746,0.674000000000001,12,6
ssd,443,22.628486394882202,11.31317382579767,0.6830000000000013,12,6
ssd,444,22.189520120620728,11.536977753840613,0.6600000000000008,11,5
ssd,445,28.43548560142517,9.002835526999737,0.6540000000000007,15,1
ssd,446,28.766037940979004,8.899383381376694,0.7240000000000019,13,11
ssd,447,20.64696168899536,12.398918729841283,0.6500000000000012,12,4
ssd,448,21.986088752746582,11.643726307073129,0.6580000000000008,12,4
ssd,449,22.2873375415802,11.48634284029645,0.6680000000000009,13,4
ssd,450,33.74775409698486,7.585689977007148,0.7760000000000024,17,14
ssd,451,22.633483171463013,11.310676225158867,0.6780000000000012,12,7
ssd,452,21.158581256866455,12.099109902131175,0.6580000000000009,13,3
ssd,453,22.4128098487854,11.422039526823237,0.677000000000001,11,5
ssd,454,21.738961458206177,11.776091534647039,0.6670000000000011,15,4
ssd,455,22.209397792816162,11.526652023082121,0.6680000000000011,12,4
ssd,456,21.68409562110901,11.805887802431078,0.6510000000000011,13,5
ssd,457,22.415203332901,11.420819887198775,0.678000000000001,14,5
ssd,458,21.591294050216675,11.856630705162898,0.668000000000001,12,5
ssd,459,22.48819398880005,11.383750964061296,0.672000000000001,15,5
ssd,460,21.30109930038452,12.018159081366226,0.6650000000000011,14,6
ssd,461,34.37301445007324,7.447702917410391,0.7720000000000022,14,16
ssd,462,22.69845223426819,11.27830203389432,0.6790000000000013,12,5
ssd,463,21.7092502117157,11.792208275431182,0.6740000000000012,13,5
ssd,464,22.049720287322998,11.610124603130751,0.6700000000000009,12,4
ssd,465,23.077603101730347,11.093006447485235,0.680000000000001,11,5
ssd,466,27.53744101524353,9.296433893704558,0.7040000000000014,11,11
ssd,467,21.581201314926147,11.862175615911772,0.6540000000000016,15,3
ssd,468,34.833011865615845,7.3493501218796755,0.7910000000000026,17,13
ssd,469,23.31705379486084,10.979088621240102,0.6770000000000016,14,7
ssd,470,22.505043506622314,11.375227953888189,0.6510000000000007,13,3
ssd,471,38.186277627944946,6.703978913426683,0.7950000000000026,18,14
ssd,472,23.10133934020996,11.081608569526052,0.679000000000001,16,3
ssd,473,21.554903030395508,11.876648187143466,0.6680000000000011,14,6
ssd,474,24.401813983917236,10.491023338212669,0.6870000000000012,16,5
ssd,475,23.03068232536316,11.11560640641867,0.6730000000000012,12,2
ssd,476,37.86655306816101,6.760583661765881,0.7890000000000025,15,14
ssd,477,23.507123470306396,10.890315879072688,0.6770000000000013,12,5
ssd,478,21.84092354774475,11.72111607095635,0.6600000000000008,13,4
ssd,479,21.73625087738037,11.777560051370406,0.6680000000000009,12,5
ssd,480,32.804983377456665,7.803692416315054,0.748000000000002,10,14
ssd,481,24.842857837677002,10.304772569754316,0.6810000000000012,13,7
ssd,482,22.820706844329834,11.217882151779504,0.6720000000000009,12,6
ssd,483,22.52914261817932,11.36306003023068,0.664000000000001,11,6
ssd,484,22.162784099578857,11.550895359074701,0.6650000000000009,13,4
ssd,485,36.19589400291443,7.072625419319311,0.7930000000000026,17,12
ssd,486,22.742185354232788,11.256613909900842,0.6610000000000014,9,5
ssd,487,24.365766048431396,10.506544283941388,0.6840000000000013,16,6
ssd,488,22.501810550689697,11.376862293961203,0.6640000000000008,13,4
ssd,489,23.197919845581055,11.035472219237155,0.667000000000001,10,5
ssd,490,23.200566053390503,11.034213536466213,0.6630000000000008,12,5
ssd,491,23.32599925994873,10.974878166937003,0.6590000000000014,12,5
ssd,492,22.459408044815063,11.398341376103172,0.6740000000000013,17,4
ssd,493,23.39740490913391,10.941384354128195,0.677000000000001,13,3
ssd,494,22.361423015594482,11.44828751826169,0.6650000000000009,13,6
ssd,495,23.140888452529907,11.062669461682335,0.6780000000000012,15,6
ssd,496,21.99918556213379,11.636794429364754,0.664000000000001,11,5
ssd,497,23.485130310058594,10.900514351855913,0.675000000000001,13,6
ssd,498,21.584793090820312,11.860201713440235,0.6580000000000009,11,4
ssd,499,23.06745147705078,11.097888306156745,0.666000000000001,10,4
ssd,500,23.41848349571228,10.93153619647794,0.677000000000001,16,5
ssd,501,22.525707244873047,11.364792999263841,0.666000000000001,15,2
ssd,502,24.340126991271973,10.517611518288216,0.6760000000000013,13,6
ssd,503,22.193045616149902,11.535145037223216,0.6630000000000009,12,5
ssd,504,28.454521894454956,8.996812561095526,0.7120000000000015,11,11
ssd,505,23.354737758636475,10.96137334727008,0.6680000000000011,13,3
ssd,506,32.75927233695984,7.8145813913935545,0.7550000000000021,12,12
ssd,507,21.580845594406128,11.862371142044433,0.657000000000001,14,4
ssd,508,38.218642234802246,6.698301798039388,0.7960000000000026,16,16
ssd,509,24.049267053604126,10.644815055252785,0.6840000000000014,14,7
ssd,510,23.217969179153442,11.025942795628007,0.6690000000000014,11,4
ssd,511,21.245121717453003,12.049825056530242,0.6450000000000014,13,4
ssd,512,21.979896068572998,11.647006846680704,0.6580000000000009,15,3
ssd,513,22.614105463027954,11.320368184297061,0.6610000000000009,11,6
ssd,514,22.330460786819458,11.464161104597709,0.6610000000000011,15,5
ssd,515,23.03001093864441,11.11593045622186,0.6690000000000009,11,5
ssd,516,22.475601196289062,11.390129134444157,0.660000000000001,11,4
ssd,517,22.69486975669861,11.280082359778211,0.6690000000000009,12,6
ssd,518,21.742292881011963,11.774287164697823,0.6460000000000006,9,5
ssd,519,21.860315084457397,11.710718670382526,0.6480000000000012,10,3
ssd,520,23.141199827194214,11.062520608769967,0.674000000000001,12,4
ssd,521,24.93874502182007,10.265151665651727,0.6860000000000012,10,6
ssd,522,22.375285387039185,11.44119485279447,0.666000000000001,12,5
ssd,523,22.235897541046143,11.512915074709229,0.6650000000000009,12,3
ssd,524,23.037853240966797,11.1121464887523,0.6700000000000009,15,2
ssd,525,22.568313360214233,11.343337710442437,0.6610000000000011,7,5
ssd,526,22.43236994743347,11.412079980844352,0.6430000000000011,13,5
ssd,527,23.02408456802368,11.118791682842323,0.671000000000001,11,6
ssd,528,24.242048501968384,10.560163675079421,0.6740000000000013,10,6
ssd,529,23.08226990699768,11.090763648092963,0.660000000000001,9,5
ssd,530,35.35021114349365,7.241823788855016,0.7730000000000024,12,10
ssd,531,22.058904886245728,11.605290530973836,0.6670000000000013,11,5
ssd,532,22.748966693878174,11.253258376297614,0.6730000000000014,12,4
ssd,533,35.820854902267456,7.146674770841252,0.7850000000000025,18,12
ssd,534,23.04623317718506,11.108105955181898,0.6720000000000009,13,4
ssd,535,22.51070237159729,11.372368386115134,0.6600000000000008,10,3
ssd,536,23.368550300598145,10.954894364732903,0.676000000000001,14,4
ssd,537,38.104212045669556,6.718417367958504,0.8000000000000027,18,11
ssd,538,21.690311908721924,11.802504319776954,0.6620000000000009,14,4
ssd,539,38.64241433143616,6.624844860993593,0.7960000000000027,16,14
ssd,540,22.498343467712402,11.378615513066025,0.6740000000000012,15,3
ssd,541,22.25299382209778,11.504070061161192,0.6550000000000007,11,4
ssd,542,21.936789512634277,11.669893621058785,0.6540000000000011,15,2
ssd,543,22.518173456192017,11.368595259204092,0.6700000000000009,13,4
ssd,544,22.805633068084717,11.22529680433465,0.6540000000000011,13,4
ssd,545,32.621835470199585,7.847504480054744,0.7500000000000021,13,12
ssd,546,22.074496507644653,11.597093501604634,0.6720000000000013,16,3
ssd,547,22.61849594116211,11.318170786684371,0.6710000000000009,15,3
ssd,548,36.72427773475647,6.970865481657039,0.7930000000000026,12,15
ssd,549,35.59045338630676,7.192940118557035,0.7820000000000025,13,17
ssd,550,22.725940227508545,11.264660446925122,0.680000000000001,16,3
ssd,551,20.94955348968506,12.21983084871221,0.6580000000000009,12,5
ssd,552,22.291091680526733,11.484408375729707,0.6620000000000016,12,5
ssd,553,22.02789855003357,11.621626067440276,0.6600000000000013,14,3
ssd,554,22.591737031936646,11.331576657346332,0.666000000000001,11,4
ssd,555,23.882093906402588,10.719328087532917,0.6810000000000015,15,4
ssd,556,22.187355995178223,11.538103055435455,0.6730000000000013,12,5
ssd,557,22.02699065208435,11.622105082056475,0.6700000000000009,14,2
ssd,558,40.3514130115509,6.344263580725612,0.8180000000000027,19,16
ssd,559,22.32867193222046,11.465079552294817,0.6570000000000009,11,4
ssd,560,22.64997696876526,11.302439748748036,0.6590000000000011,11,5
ssd,561,23.371463775634766,10.953528733056306,0.6630000000000011,9,5
ssd,562,22.27734112739563,11.491497056854024,0.6690000000000009,13,5
ssd,563,23.811968326568604,10.7508962085408,0.6720000000000013,11,3
ssd,564,23.43674397468567,10.92301901136561,0.6640000000000013,15,5
ssd,565,23.95591139793396,10.686297663551983,0.6790000000000012,13,5
ssd,566,22.17644429206848,11.543780266503756,0.6580000000000008,12,3
ssd,567,22.68324089050293,11.285865244555184,0.661000000000001,11,5
ssd,568,22.783215284347534,11.236342052909295,0.6670000000000015,14,6
ssd,569,22.881103038787842,11.188271805167394,0.6740000000000012,11,5
ssd,570,22.605384349822998,11.324735560269493,0.6590000000000011,8,5
ssd,571,22.36612868309021,11.445878883525669,0.6550000000000014,17,3
ssd,572,23.9014310836792,10.710655738718778,0.6730000000000017,13,6
ssd,573,22.261812448501587,11.499512925652692,0.6590000000000008,12,2
ssd,574,34.08869504928589,7.509821060321371,0.7550000000000023,10,12
ssd,575,24.284421682357788,10.54173755292594,0.6870000000000015,15,6
ssd,576,21.246257066726685,12.049181142635998,0.6530000000000008,12,3
ssd,577,22.76215124130249,11.246740138317051,0.650000000000001,10,5
ssd,578,21.673928022384644,11.811426139996655,0.6490000000000008,13,3
ssd,579,24.65670919418335,10.382569627758427,0.6870000000000019,15,7
ssd,580,23.27873158454895,10.997162756493044,0.6690000000000011,8,6
ssd,581,23.69209361076355,10.805292440837592,0.6710000000000012,14,4
ssd,582,20.8118257522583,12.300698797279779,0.646000000000001,10,3
ssd,583,21.42685341835022,11.94762455325141,0.6560000000000011,14,4
ssd,584,22.476128101348877,11.38986211707151,0.678000000000001,12,6
ssd,585,23.7328040599823,10.786757407720785,0.6770000000000012,14,5
ssd,586,22.412866592407227,11.422010609152723,0.6690000000000009,8,6
ssd,587,22.14408588409424,11.560648804378099,0.667000000000001,14,3
ssd,588,23.057618379592896,11.10262108538375,0.6640000000000013,11,6
ssd,589,22.42348003387451,11.416604363518424,0.6590000000000009,12,3
ssd,590,22.997395038604736,11.13169554944218,0.664000000000001,10,5
ssd,591,21.898457288742065,11.69032122329498,0.6680000000000009,14,2
ssd,592,22.637258529663086,11.308789872437353,0.6620000000000014,11,4
ssd,593,21.92320203781128,11.677126341237603,0.665000000000001,12,4
ssd,594,23.255773782730103,11.008019014620247,0.6650000000000013,13,5
ssd,595,23.772340536117554,10.768817635396761,0.677000000000001,16,4
ssd,596,21.086581468582153,12.140422115430418,0.6620000000000008,14,4
ssd,597,22.575221061706543,11.339866807959755,0.6660000000000011,11,5
ssd,598,22.49989128112793,11.377832754895277,0.6590000000000011,11,5
ssd,599,22.148237705230713,11.558481690827298,0.6630000000000013,13,5
ssd,600,23.136908531188965,11.064572419210952,0.674000000000001,13,4
ssd,601,35.592933893203735,7.192438835419569,0.7810000000000024,13,14
ssd,602,25.643653869628906,9.982976735744899,0.6830000000000012,13,4
ssd,603,22.43111753463745,11.412717159753301,0.6680000000000009,11,7
ssd,604,22.807122707366943,11.224563627980539,0.6600000000000015,12,4
ssd,605,23.21227240562439,11.028648790885747,0.6630000000000008,13,4
ssd,606,22.22782301902771,11.517097278525927,0.6530000000000009,9,5
ssd,607,23.199256658554077,11.034836321171833,0.667000000000001,10,6
ssd,608,21.99485182762146,11.639087273982515,0.6630000000000008,11,2
ssd,609,22.21015739440918,11.526257804208143,0.6700000000000009,14,3
ssd,610,41.98050141334534,6.0980691364162505,0.8370000000000027,18,15
ssd,611,21.04134750366211,12.16652117719385,0.6500000000000008,12,2
ssd,612,22.36536407470703,11.446270185671162,0.6730000000000009,12,4
ssd,613,21.60523819923401,11.848978365305697,0.6490000000000008,12,2
ssd,614,22.793412923812866,11.231314979274131,0.674000000000001,13,5
ssd,615,21.078765153884888,12.144923961678009,0.6630000000000009,11,4
ssd,616,21.951632261276245,11.662002941421196,0.6690000000000009,11,4
ssd,617,23.768787622451782,10.770427338001232,0.666000000000001,8,6
ssd,618,21.5144362449646,11.898987130555938,0.6570000000000009,9,5
ssd,619,21.45722532272339,11.93071313507128,0.6480000000000009,12,2
ssd,620,38.82667827606201,6.59340462194091,0.8110000000000027,17,14
ssd,621,35.100852489471436,7.2932701585178785,0.7840000000000026,19,11
ssd,622,21.930155277252197,11.673423957264212,0.657000000000001,10,3
ssd,623,22.257018089294434,11.501990022784558,0.6710000000000017,15,4
ssd,624,22.30506992340088,11.47721127434903,0.6540000000000008,12,4
ssd,625,23.74750828742981,10.78007835186261,0.671000000000001,13,5
ssd,626,37.24314594268799,6.873748001684614,0.7920000000000026,15,15
ssd,627,22.292070865631104,11.483903920056575,0.661000000000001,11,7
ssd,628,22.5567364692688,11.349159500478862,0.6830000000000012,16,4
ssd,629,21.81285524368286,11.736198546228339,0.6480000000000007,11,3
ssd,630,22.894207239151,11.181867855298291,0.6790000000000012,14,4
ssd,631,21.7195303440094,11.786626872003657,0.6570000000000008,11,3
ssd,632,23.070424556732178,11.096458124143913,0.6700000000000009,12,4
ssd,633,23.222501754760742,11.0237907484502,0.6650000000000011,12,4
ssd,634,22.582991361618042,11.335965014586002,0.6690000000000014,14,2
ssd,635,22.571693658828735,11.341638951398211,0.6590000000000009,9,3
ssd,636,21.25095224380493,12.046519001266356,0.6600000000000009,9,5
ssd,637,22.776761054992676,11.239526084587197,0.6580000000000013,10,4
ssd,638,20.70803952217102,12.362348436022353,0.645000000000001,11,4
ssd,639,23.29127335548401,10.99124105809028,0.6750000000000012,12,4
ssd,640,22.285663604736328,11.48720561076731,0.6650000000000014,14,5
ssd,641,22.297301292419434,11.481210064064303,0.6470000000000009,8,4
ssd,642,23.92688751220703,10.69926039771758,0.682000000000001,10,5
ssd,643,22.334545135498047,11.462064637847453,0.6570000000000008,11,3
ssd,644,21.923317432403564,11.677064878038097,0.668000000000001,12,6
ssd,645,21.549153804779053,11.879816828038312,0.6590000000000013,12,4
ssd,646,20.919452905654907,12.237413719877853,0.6330000000000008,9,2
ssd,647,21.935093641281128,11.670795857384277,0.670000000000001,12,4
ssd,648,22.07558512687683,11.596521611031829,0.665000000000001,13,5
ssd,649,22.638626098632812,11.308106723643458,0.6590000000000008,8,5
ssd,650,22.11212730407715,11.577357369537095,0.6580000000000008,12,4
ssd,651,21.851051092147827,11.715683557757712,0.6460000000000008,11,4
ssd,652,21.582607746124268,11.861402616927586,0.6510000000000011,10,4
ssd,653,21.19671940803528,12.077340605025663,0.6500000000000007,10,3
ssd,654,23.189512968063354,11.039472901072296,0.6570000000000011,11,6
ssd,655,21.779752492904663,11.754036235416304,0.6650000000000009,12,5
ssd,656,21.478084564208984,11.919126178811943,0.6490000000000008,10,2
ssd,657,33.92087244987488,7.546975696992849,0.7610000000000021,13,13
ssd,658,20.642505407333374,12.401595394958912,0.6470000000000007,8,2
ssd,659,21.741373300552368,11.774785173919808,0.6410000000000007,8,4
ssd,660,21.286869287490845,12.026193074358638,0.6460000000000011,10,4
ssd,661,21.460865020751953,11.928689722080465,0.6540000000000008,9,3
ssd,662,22.61999750137329,11.317419464102853,0.6670000000000009,12,4
ssd,663,34.10737180709839,7.505708778966123,0.7720000000000025,15,15
ssd,664,24.48439121246338,10.455640811264582,0.6680000000000009,12,4
ssd,665,20.73030662536621,12.34906963154857,0.6430000000000009,8,3
ssd,666,36.48810291290283,7.015985473705565,0.7870000000000025,15,13
ssd,667,21.558531761169434,11.874649110432435,0.6400000000000008,9,4
ssd,668,22.28662371635437,11.486710739955738,0.6570000000000015,13,4
ssd,669,23.228989839553833,11.0207116955249,0.6670000000000011,11,5
ssd,670,20.07630944252014,12.751347588706263,0.6410000000000011,9,2
ssd,671,20.079426527023315,12.749368098509676,0.6410000000000011,9,2
ssd,672,19.84809422492981,12.897963759082533,0.6410000000000009,10,2
ssd,673,20.698554039001465,12.368013703644678,0.6470000000000007,11,2
ssd,674,23.194421529769897,11.037136652510414,0.6660000000000011,12,4
ssd,675,23.085254430770874,11.089329804343487,0.6680000000000014,12,5
ssd,676,21.842307090759277,11.720373627944491,0.660000000000001,13,5
ssd,677,22.469435930252075,11.393254409886206,0.6600000000000008,12,4
ssd,678,39.0238196849823,6.560095912356769,0.8070000000000027,17,12
ssd,679,22.956141710281372,11.151699759953356,0.670000000000001,13,5
ssd,680,22.001402378082275,11.6356219299469,0.6610000000000008,12,5
ssd,681,23.46852397918701,10.908227557345866,0.6750000000000014,14,5
ssd,682,21.561052560806274,11.873260791792573,0.6480000000000009,13,4
ssd,683,22.97120213508606,11.14438846058419,0.6630000000000011,9,4
ssd,684,21.25387477874756,12.044862532830143,0.6550000000000008,10,3
ssd,685,22.63387656211853,11.310479638669479,0.6720000000000014,10,4
ssd,686,21.009549379348755,12.184935306210521,0.6510000000000011,9,4
ssd,687,21.69837713241577,11.798117363236116,0.6580000000000011,11,4
ssd,688,22.384366750717163,11.43655314670888,0.666000000000001,9,5
ssd,689,22.02139186859131,11.625059920264528,0.6600000000000008,11,4
ssd,690,22.125930070877075,11.570135093979898,0.665000000000001,14,4
ssd,691,21.79918599128723,11.743557768731314,0.6670000000000009,13,5
ssd,692,21.387161254882812,11.969797999327925,0.6470000000000014,11,4
ssd,693,21.846182823181152,11.718294315854413,0.6600000000000008,9,5
ssd,694,22.44958782196045,11.403327403168525,0.6660000000000009,10,4
ssd,695,21.409093618392944,11.957535641773536,0.674000000000001,12,5
ssd,696,21.469257593154907,11.924026664136774,0.6550000000000011,11,3
ssd,697,22.70156240463257,11.276756878538,0.6610000000000009,10,5
ssd,698,21.218899726867676,12.064716045377656,0.657000000000001,8,5
ssd,699,22.198755502700806,11.532178007404687,0.6640000000000008,11,5
ssd,700,20.98436212539673,12.199560723848311,0.6510000000000007,10,4
ssd,701,21.562918186187744,11.872233516332791,0.6630000000000008,13,4
ssd,702,21.80403161048889,11.740947939043092,0.6580000000000009,10,5
ssd,703,21.764052391052246,11.762515334931287,0.6470000000000007,10,4
ssd,704,22.412688493728638,11.422101372248676,0.6760000000000014,13,5
ssd,705,20.286877632141113,12.618994634956119,0.6460000000000006,9,4
ssd,706,21.922204732894897,11.677657567711,0.6500000000000008,9,5
ssd,707,20.966350317001343,12.210041143518092,0.6480000000000009,10,4
ssd,708,21.31013298034668,12.013064406313026,0.6540000000000007,10,4
ssd,709,21.115474462509155,12.123809979005296,0.652000000000001,10,4
ssd,710,22.174111127853394,11.544994905271883,0.6440000000000008,11,3
ssd,711,21.489713668823242,11.912676173596422,0.653000000000001,11,4
ssd,712,21.43862223625183,11.94106585670018,0.6550000000000007,7,4
ssd,713,22.150595664978027,11.557251275402843,0.6620000000000013,10,5
ssd,714,20.823943376541138,12.29354091926664,0.647000000000001,9,5
ssd,715,20.35953950881958,12.573958261143527,0.6420000000000009,9,3
ssd,716,21.30329394340515,12.016920983210193,0.6610000000000008,15,5
ssd,717,20.12460970878601,12.720743592271278,0.6390000000000007,8,3
ssd,718,21.30169916152954,12.0178206470182,0.6680000000000009,12,4
ssd,719,21.757033824920654,11.766309785609463,0.6570000000000011,10,4
ssd,720,20.818087577819824,12.29699889785984,0.6450000000000009,10,2
ssd,721,21.62712788581848,11.83698553740307,0.6500000000000007,15,4
ssd,722,22.01301884651184,11.62948170739269,0.6520000000000012,7,4
ssd,723,22.565767288208008,11.344617567414854,0.6630000000000011,13,5
ssd,724,22.24108123779297,11.51023177618695,0.6580000000000016,13,5
ssd,725,20.318580865859985,12.599305123230357,0.6490000000000007,10,2
ssd,726,22.89765191078186,11.180185680063413,0.682000000000001,17,3
ssd,727,20.694637060165405,12.370354660279018,0.6410000000000011,8,2
ssd,728,22.927563905715942,11.165599670891249,0.6680000000000009,12,5
ssd,729,21.91005277633667,11.684134338393083,0.6580000000000011,14,4
ssd,730,20.688889980316162,12.373790969141588,0.6470000000000009,8,3
ssd,731,20.3457190990448,12.582499480788506,0.6490000000000007,10,2
ssd,732,20.83255171775818,12.288461032921825,0.6540000000000008,10,3
ssd,733,21.824164867401123,11.730116664504704,0.6680000000000009,14,5
ssd,734,23.281946182250977,10.995644350177304,0.680000000000001,13,5
ssd,735,20.91886568069458,12.237757243035173,0.6430000000000009,9,3
ssd,736,21.09894061088562,12.133310611240898,0.6400000000000011,10,3
ssd,737,20.852346897125244,12.276795569485408,0.6410000000000006,9,4
ssd,738,21.25326418876648,12.045208572493541,0.6410000000000007,10,4
ssd,739,20.9892315864563,12.196730449398103,0.644000000000001,10,4
ssd,740,21.93632960319519,11.670138287980123,0.6560000000000009,9,4
ssd,741,33.51181387901306,7.639097093467724,0.7800000000000024,15,14
ssd,742,21.32436990737915,12.00504404640875,0.6610000000000015,12,5
ssd,743,21.719090700149536,11.78686546017497,0.6570000000000008,10,3
ssd,744,21.237213134765625,12.054312323160909,0.6460000000000008,10,4
ssd,745,21.25070548057556,12.04665888546616,0.6630000000000008,13,4
ssd,746,21.778902053833008,11.754495215930545,0.6550000000000009,10,3
ssd,747,21.86533260345459,11.708031368320167,0.6590000000000009,10,3
ssd,748,23.046645402908325,11.107907269128834,0.6730000000000015,12,6
ssd,749,20.507009267807007,12.483536563368233,0.6510000000000007,10,3
ssd,750,20.853398084640503,12.276176715225894,0.6500000000000012,10,4
ssd,751,21.47215247154236,11.92241906531187,0.6600000000000008,11,3
ssd,752,20.746659994125366,12.339335588113416,0.6540000000000011,9,3
ssd,753,21.47493290901184,11.920875426463892,0.6490000000000008,10,4
ssd,754,22.572407722473145,11.341280165922475,0.6610000000000011,12,3
ssd,755,22.27565097808838,11.492368966088417,0.6690000000000014,14,3
ssd,756,21.976461172103882,11.648827260913011,0.666000000000001,13,4
ssd,757,22.112907886505127,11.57694869050802,0.656000000000001,10,5
ssd,758,22.145383596420288,11.559971354092117,0.668000000000001,14,4
ssd,759,21.17879891395569,12.08755987721805,0.6400000000000009,10,3
ssd,760,21.36992859840393,11.979450414219917,0.6650000000000009,13,3
ssd,761,23.44420051574707,10.919544892479877,0.6540000000000012,12,5
ssd,762,21.97676730155945,11.648664996413485,0.6600000000000008,11,4
ssd,763,22.019863605499268,11.625866744064039,0.668000000000001,14,5
ssd,764,36.14120435714722,7.0833278678322165,0.7950000000000026,18,13
ssd,765,21.590827703475952,11.856886800073257,0.6610000000000008,12,5
ssd,766,20.198395013809204,12.674274358184318,0.6300000000000012,7,3
ssd,767,22.20065689086914,11.531190327313679,0.675000000000001,14,5
ssd,768,20.713181734085083,12.359279384814789,0.6500000000000007,6,5
ssd,769,20.848880290985107,12.278836869272657,0.6320000000000005,6,3
ssd,770,21.57992434501648,11.862877547998396,0.6560000000000008,10,2
ssd,771,22.949023962020874,11.15515851234733,0.6780000000000014,12,6
ssd,772,21.47044277191162,11.923368452135886,0.6530000000000009,7,4
ssd,773,20.67018461227417,12.384988562123656,0.6390000000000018,8,4
ssd,774,21.51185941696167,11.900412467280683,0.6430000000000007,9,4
ssd,775,23.00502848625183,11.128001869373456,0.6490000000000008,7,3
ssd,776,21.723825931549072,11.784296228787968,0.6570000000000008,13,4
ssd,777,21.497328996658325,11.908456164009687,0.6490000000000007,10,2
ssd,778,22.182340145111084,11.540712040538319,0.6650000000000009,12,5
ssd,779,39.54939317703247,6.472918531368692,0.8190000000000027,18,16
ssd,780,23.105091333389282,11.079809047543263,0.6750000000000012,13,5
ssd,781,20.371649742126465,12.566483482710705,0.6420000000000008,9,5
ssd,782,21.497748136520386,11.908223985800031,0.6450000000000009,9,4
ssd,783,23.083722591400146,11.090065693969695,0.667000000000001,15,4
ssd,784,21.213939428329468,12.06753704868852,0.6470000000000009,8,6
ssd,785,25.558911561965942,10.016075973319303,0.664000000000001,8,5
ssd,786,44.90673565864563,5.700703830845336,0.8430000000000027,12,19
ssd,787,21.46772265434265,11.924879230178353,0.6420000000000007,8,5
ssd,788,21.085631370544434,12.14096915104089,0.6520000000000007,8,4
ssd,789,22.388405323028564,11.434490143729894,0.6630000000000011,10,5
ssd,790,21.116018295288086,12.123497736177132,0.6470000000000008,6,4
ssd,791,20.61989951133728,12.415191444519188,0.6380000000000007,6,4
ssd,792,21.606058597564697,11.848528450665905,0.6610000000000008,11,5
ssd,793,20.127756118774414,12.71875506088892,0.6450000000000007,7,4
ssd,794,20.60925006866455,12.421606761385103,0.6340000000000007,8,3
ssd,795,21.575318336486816,11.865410095343481,0.6580000000000009,6,4
ssd,796,20.465739965438843,12.508709698858457,0.6440000000000008,7,4
ssd,797,20.64825677871704,12.398141051009649,0.6420000000000011,11,5
ssd,798,21.286508321762085,12.026397008394305,0.6480000000000009,7,3
ssd,799,21.5934054851532,11.855471346380071,0.6650000000000013,14,4
ssd,800,22.07292914390564,11.597916992846502,0.6580000000000009,10,5
ssd,801,22.22692632675171,11.51756190831863,0.6420000000000006,6,5
ssd,802,21.027504205703735,12.174530914161448,0.6410000000000006,9,4
ssd,803,21.22525191307068,12.061105378087559,0.6410000000000009,7,5
ssd,804,22.346190214157104,11.456091510302052,0.6680000000000009,9,6
ssd,805,22.033622980117798,11.6186067189678,0.6590000000000008,8,5
ssd,806,21.428663969039917,11.94661507455006,0.6300000000000011,8,3
ssd,807,21.17200255393982,12.091440067976087,0.6470000000000007,11,4
ssd,808,22.341455698013306,11.458519241553475,0.6480000000000012,9,3
ssd,809,21.133846759796143,12.113270381377053,0.6400000000000006,9,3
ssd,810,21.658896923065186,11.819623174224455,0.6510000000000011,7,5
ssd,811,20.522545337677002,12.474086220192865,0.6280000000000004,5,2
ssd,812,20.418870210647583,12.53742236269795,0.6280000000000009,8,2
ssd,813,21.75868320465088,11.765417860639676,0.6470000000000009,9,4
ssd,814,20.998673915863037,12.191246029427116,0.6250000000000009,6,2
ssd,815,41.73010182380676,6.13466032459939,0.8230000000000027,20,14
ssd,816,22.532309532165527,11.361462953211811,0.6520000000000007,7,3
ssd,817,22.282954931259155,11.48860197355944,0.6440000000000012,8,4
ssd,818,21.601550340652466,11.851001245879448,0.6480000000000007,8,2
ssd,819,22.983638763427734,11.138358144027002,0.6560000000000011,10,4
ssd,820,23.546996116638184,10.871875067712427,0.6670000000000009,11,4
ssd,821,20.830096006393433,12.289909749884268,0.6360000000000006,6,2
ssd,822,24.719531059265137,10.356183512795585,0.6750000000000014,16,6
ssd,823,24.096182823181152,10.624089378742651,0.6700000000000012,11,5
ssd,824,21.266616582870483,12.037645903965704,0.6330000000000009,4,3
ssd,825,21.667091608047485,11.81515288858232,0.656000000000001,11,5
ssd,826,22.37977886199951,11.438897657504727,0.6460000000000009,9,2
ssd,827,22.41435146331787,11.421253941652335,0.6590000000000008,8,5
ssd,828,24.054651498794556,10.642432296839921,0.6750000000000013,12,4
ssd,829,21.070358753204346,12.149769398732612,0.6510000000000011,10,4
ssd,830,21.603936433792114,11.849692336604631,0.6520000000000008,8,4
ssd,831,20.1806960105896,12.6853900314274,0.6350000000000007,9,3
ssd,832,21.94171142578125,11.667275857944382,0.6530000000000007,9,5
ssd,833,21.89090633392334,11.694353632279192,0.6570000000000008,8,3
ssd,834,21.179401874542236,12.087215754081964,0.6380000000000008,7,4
ssd,835,22.584160089492798,11.335378379606116,0.6590000000000008,11,4
ssd,836,22.64574909210205,11.304549871979406,0.6720000000000009,12,4
ssd,837,21.676316022872925,11.81012491836103,0.657000000000001,13,3
ssd,838,41.61884140968323,6.151060224863393,0.8320000000000027,18,12
ssd,839,22.77210283279419,11.241825222716518,0.6810000000000012,11,4
ssd,840,23.25306510925293,11.009301302740159,0.6640000000000011,12,6
ssd,841,23.280798196792603,10.996186549792315,0.664000000000001,9,5
ssd,842,25.358121156692505,10.095385159575853,0.662000000000001,10,2
ssd,843,41.04188013076782,6.237531009406286,0.7990000000000026,15,16
ssd,844,20.712642669677734,12.35960104573093,0.646000000000001,7,5
ssd,845,22.535057306289673,11.360077612429627,0.6620000000000008,9,4
ssd,846,22.701343536376953,11.276865600037372,0.654000000000001,8,6
ssd,847,20.61761164665222,12.416569115151022,0.6330000000000011,8,2
ssd,848,21.49580192565918,11.909302145849097,0.6510000000000009,11,4
ssd,849,22.002723932266235,11.634923057166791,0.6530000000000011,8,5
ssd,850,21.562663793563843,11.87237358291569,0.6600000000000009,11,6
ssd,851,21.937167644500732,11.669692466619535,0.6580000000000009,10,4
ssd,852,22.19086766242981,11.536277170154104,0.6510000000000008,10,6
ssd,853,21.616167306900024,11.842987536383617,0.652000000000001,11,4
ssd,854,21.351239681243896,11.989936126513744,0.6550000000000009,9,4
ssd,855,21.97641658782959,11.648850893269437,0.641000000000001,9,4
ssd,856,22.882594347000122,11.187542641272286,0.6640000000000013,12,6
ssd,857,23.224600076675415,11.022794758782611,0.6670000000000011,11,6
ssd,858,22.50780940055847,11.3738300979947,0.6680000000000009,12,6
ssd,859,23.011115074157715,11.125058441322425,0.6810000000000012,13,4
ssd,860,23.18495798110962,11.041641749300595,0.6760000000000013,13,6
ssd,861,20.862471103668213,12.270837846959939,0.6460000000000009,8,2
ssd,862,21.890852212905884,11.694382544370459,0.646000000000001,10,3
ssd,863,22.080577850341797,11.593899477410517,0.6450000000000012,8,6
ssd,864,23.38962984085083,10.945021436503744,0.673000000000001,12,5
ssd,865,21.26147484779358,12.040557008986916,0.6390000000000008,6,4
ssd,866,22.490702152252197,11.382481447977577,0.6660000000000009,8,6
ssd,867,22.9397976398468,11.159645085766748,0.6710000000000016,12,6
ssd,868,22.739264488220215,11.258059825664876,0.6540000000000007,8,6
ssd,869,22.98328995704651,11.138527185552574,0.6710000000000014,13,4
ssd,870,23.09319829940796,11.085515166886307,0.668000000000001,10,5
ssd,871,22.82334041595459,11.216587727055236,0.6560000000000012,10,5
ssd,872,21.252010583877563,12.045919090319368,0.6460000000000008,8,4
ssd,873,25.364657640457153,10.092783574246818,0.6910000000000018,12,8
ssd,874,20.602491855621338,12.425681407569689,0.6450000000000006,7,4
ssd,875,22.69391679763794,11.280556031061389,0.6730000000000013,15,5
ssd,876,21.333244562149048,12.000049933998943,0.6460000000000009,5,4
ssd,877,22.797416925430298,11.22934237845317,0.6530000000000007,7,4
ssd,878,21.014864444732666,12.181853500566637,0.6420000000000007,8,3
ssd,879,22.192882299423218,11.535229923994745,0.6660000000000009,12,6
ssd,880,21.618314027786255,11.841811515503032,0.6360000000000016,10,4
ssd,881,21.195884227752686,12.077816487825885,0.6490000000000008,7,3
ssd,882,21.75868058204651,11.765419278742037,0.6590000000000009,13,4
ssd,883,20.525631189346313,12.4722108488861,0.6440000000000008,6,4
ssd,884,21.430601596832275,11.945534932525653,0.6350000000000005,7,5
ssd,885,21.943020582199097,11.666579769226287,0.6470000000000009,10,5
ssd,886,22.246137619018555,11.507615586318309,0.6630000000000011,13,5
ssd,887,23.453680276870728,10.91513131320627,0.678000000000001,11,6
ssd,888,20.837481021881104,12.285554080705749,0.6370000000000008,7,3
ssd,889,23.413152933120728,10.934025021374081,0.6650000000000009,13,4
ssd,890,22.83597469329834,11.210382015142457,0.645000000000001,6,4
ssd,891,22.49138069152832,11.382138051508141,0.6630000000000011,9,4
ssd,892,21.297430753707886,12.020229245512647,0.6410000000000007,9,4
ssd,893,21.19953155517578,12.075738529113801,0.6540000000000008,11,2
ssd,894,20.720122575759888,12.355139264450585,0.6440000000000008,8,3
ssd,895,23.191352605819702,11.038597202638307,0.6660000000000009,11,6
ssd,896,21.71614980697632,11.788461687520682,0.6550000000000012,12,3
ssd,897,20.42230725288391,12.535312334205004,0.6420000000000008,7,2
ssd,898,23.22706961631775,11.021622797399804,0.6750000000000012,13,6
ssd,899,21.33850359916687,11.99709243013625,0.6420000000000007,8,4
ssd,900,22.0403950214386,11.615036833549938,0.6370000000000009,9,3
ssd,901,22.809287786483765,11.223498181810807,0.6640000000000008,11,5
ssd,902,22.11389470100403,11.576432078623261,0.6680000000000013,13,6
ssd,903,21.650182485580444,11.824380703049608,0.6600000000000009,13,5
ssd,904,21.380648851394653,11.97344392021579,0.6390000000000007,6,3
ssd,905,21.945768117904663,11.665119153024312,0.6580000000000008,13,3
ssd,906,20.867307901382446,12.267993610380387,0.6460000000000008,9,3
ssd,907,20.5667564868927,12.447271409235098,0.641000000000001,11,3
ssd,908,23.15783715248108,11.054572942817881,0.6720000000000009,10,6
ssd,909,21.20569896697998,12.07222645189037,0.6400000000000009,10,5
ssd,910,21.144439697265625,12.107201877432848,0.6520000000000007,8,4
ssd,911,21.70746636390686,11.793177320115662,0.6520000000000007,7,4
ssd,912,21.64632296562195,11.82648897951729,0.6450000000000008,5,4
ssd,913,22.44026017189026,11.408067377074255,0.6560000000000008,10,4
ssd,914,20.46813988685608,12.507243033080607,0.6520000000000008,11,2
ssd,915,21.269249439239502,12.036155800011787,0.6470000000000009,6,4
ssd,916,21.832702159881592,11.725529809608707,0.6490000000000009,7,4
ssd,917,44.78985285758972,5.715580285873172,0.8440000000000027,18,20
ssd,918,21.749278783798218,11.770505245015443,0.6630000000000008,9,5
ssd,919,21.34926962852478,11.991042525312348,0.6460000000000009,8,4
ssd,920,21.530404329299927,11.890162213610598,0.6550000000000012,11,2
ssd,921,24.128063678741455,10.61005157349424,0.6680000000000018,11,5
ssd,922,20.89244818687439,12.253231297269945,0.6300000000000004,6,5
ssd,923,21.51517128944397,11.898580613467008,0.6610000000000008,11,3
ssd,924,20.306952476501465,12.606519875211937,0.6340000000000005,11,2
ssd,925,22.212520360946655,11.525031641618257,0.6630000000000009,11,3
ssd,926,20.898369550704956,12.249759455103733,0.6360000000000006,8,2
ssd,927,19.585623502731323,13.070811861787265,0.6370000000000008,9,2
ssd,928,20.104799032211304,12.733278238188031,0.6360000000000009,8,2
ssd,929,20.931052684783936,12.23063186812874,0.6510000000000009,11,2
ssd,930,27.013411283493042,9.476774233117041,0.6240000000000009,9,1
ssd,931,19.93147373199463,12.844007595337054,0.6430000000000008,8,3
ssd,932,21.424508810043335,11.948932051127953,0.6600000000000009,11,3
ssd,933,21.39513325691223,11.96533795447583,0.6620000000000008,10,4
ssd,934,20.813753128051758,12.2995597394194,0.6510000000000008,11,3
ssd,935,20.785947799682617,12.316012840362704,0.6550000000000011,13,4
ssd,936,21.76822328567505,11.760261581314502,0.6590000000000008,12,3
ssd,937,20.84965419769287,12.278381097962182,0.6500000000000008,11,4
ssd,938,21.355713367462158,11.987424423388493,0.6640000000000008,12,3
ssd,939,39.612908601760864,6.462539839566851,0.8200000000000027,17,16
ssd,940,20.490680932998657,12.493484274001446,0.6450000000000007,9,5
ssd,941,40.28740382194519,6.3543434352687855,0.8180000000000027,17,17
ssd,942,19.845285177230835,12.899789431784907,0.6400000000000008,9,4
ssd,943,21.94702434539795,11.664451452330047,0.666000000000001,12,5
ssd,944,39.558207273483276,6.47147627874437,0.8210000000000027,20,15
ssd,945,21.3778977394104,11.97498477729459,0.6440000000000007,9,5
ssd,946,22.4108784198761,11.423023908467366,0.6600000000000011,10,5
ssd,947,21.019275903701782,12.179296811785743,0.6530000000000007,10,3
ssd,948,22.73316740989685,11.261079258517702,0.6730000000000013,13,3
ssd,949,21.093592643737793,12.136386831951103,0.6420000000000007,9,3
ssd,950,20.446815490722656,12.520287089016625,0.6470000000000008,9,4
ssd,951,21.288212537765503,12.025434241876974,0.6430000000000012,11,3
ssd,952,39.9544312953949,6.407299308237339,0.8150000000000027,17,19
ssd,953,23.110700130462646,11.077120059316663,0.6620000000000014,14,5
ssd,954,23.241501569747925,11.01477885289563,0.657000000000001,11,5
ssd,955,20.749635696411133,12.337566005762593,0.6510000000000007,10,4
ssd,956,21.179375886917114,12.087230585398688,0.6410000000000006,6,4
ssd,957,21.68906569480896,11.803182470016253,0.6600000000000008,11,3
ssd,958,22.635756492614746,11.309540287885842,0.6520000000000009,9,5
ssd,959,22.046995639801025,11.61155942435295,0.6570000000000008,11,3
ssd,960,20.992685556411743,12.194723696121413,0.6370000000000005,9,3
ssd,961,20.51391315460205,12.479335272147697,0.6310000000000013,8,2
ssd,962,22.07794761657715,11.595280704796279,0.655000000000001,11,4
ssd,963,20.018973350524902,12.787868564363098,0.6470000000000007,7,3
ssd,964,20.41415238380432,12.540319832387407,0.6390000000000007,7,4
ssd,965,20.760915279388428,12.330862900546512,0.6600000000000008,10,2
ssd,966,20.873772621154785,12.264194146704156,0.6500000000000009,10,4
ssd,967,20.229780673980713,12.654610750637744,0.6560000000000008,12,3
ssd,968,21.18536376953125,12.083814221220912,0.6420000000000011,8,5
ssd,969,21.301860332489014,12.017729719575517,0.667000000000001,10,2
ssd,970,21.7278254032135,11.78212707665343,0.651000000000001,10,4
ssd,971,23.74711585044861,10.780256499871495,0.6680000000000015,11,7
ssd,972,21.868229866027832,11.70648020294018,0.6730000000000013,13,4
ssd,973,19.91178560256958,12.856707334522708,0.6340000000000005,9,2
ssd,974,23.769938230514526,10.769905984499422,0.6890000000000012,13,5
ssd,975,20.479559659957886,12.50026876801151,0.6380000000000007,8,4
ssd,976,21.1644549369812,12.095752088218656,0.6560000000000008,8,3
ssd,977,19.852113723754883,12.895352281488918,0.6340000000000008,8,3
ssd,978,39.10345697402954,6.546735757148575,0.8170000000000027,17,16
ssd,979,20.988257884979248,12.197296288379064,0.6590000000000009,11,4
ssd,980,20.21343970298767,12.664841004876653,0.6440000000000006,7,3
ssd,981,20.247370958328247,12.643616819530875,0.6430000000000007,8,4
ssd,982,21.699867963790894,11.797306805146,0.6470000000000009,9,4
ssd,983,22.967174291610718,11.146342895717469,0.6810000000000014,13,5
ssd,984,21.309724807739258,12.013294508009134,0.6390000000000008,7,3
ssd,985,21.44404911994934,11.938043909899642,0.6510000000000008,7,4
ssd,986,22.601919174194336,11.32647179325759,0.654000000000001,8,6
ssd,987,20.13119888305664,12.716579945740916,0.6400000000000009,11,3
ssd,988,21.535727500915527,11.887223219606438,0.6480000000000011,8,3
ssd,989,21.294851541519165,12.021685124259715,0.6410000000000009,8,3
ssd,990,20.325374126434326,12.595094112784727,0.6350000000000011,5,3
ssd,991,21.633480310440063,11.833509741678384,0.6580000000000009,10,2
ssd,992,21.283010005950928,12.028373802785415,0.6470000000000008,8,4
ssd,993,21.467838764190674,11.924814733890194,0.6520000000000007,10,3
ssd,994,20.688688278198242,12.373911606071857,0.6300000000000006,7,3
ssd,995,20.544528007507324,12.460738932841542,0.6310000000000008,6,3
ssd,996,20.197376251220703,12.67491365293191,0.6370000000000009,10,3
ssd,997,22.043068647384644,11.613628034061119,0.6590000000000008,9,4
ssd,998,22.98737668991089,11.136546960243527,0.661000000000001,9,4
ssd,999,22.06369638442993,11.60277024935205,0.6480000000000008,9,4
ssd,1000,19.916815519332886,12.853460421496877,0.6420000000000008,7,3
